Algoritmo,Representación,Clusters,Silhouette,Davies-Bouldin,Ruido
K-Means,Normalizado,2,0.33937467094923257,1.4403275734677699,
K-Means,PCA,2,0.3576824421717973,1.3166513964140014,
K-Means,Autoencoder,2,0.44544013451755454,0.8350929652260743,
Jerárquico,Normalizado,10,0.200702472486574,1.3085698658720013,
Jerárquico,PCA,10,0.18003439236055532,1.2694262332113735,
Jerárquico,Autoencoder,10,0.2688183629866101,1.0248662285122303,
HDBSCAN,Normalizado,2,0.5415133005362075,0.5375696938427672,1374.0
HDBSCAN,PCA,2,0.5557960841102345,0.5155558283471721,1084.0
HDBSCAN,Autoencoder,5,0.5197154705156283,0.4695100036351384,7234.0
